{"mean": [0.0, 0.0, 0.0, -0.21177126467227936, -0.27636900544166565, -0.13892465829849243, -0.4233386814594269, -0.560076117515564, -0.2474340796470642, -0.5200551748275757, -0.726685643196106, -0.34089767932891846, -0.5080227851867676, -0.7999508380889893, -0.42576390504837036, -0.19807201623916626, -0.7655671238899231, -0.22954052686691284, -0.3847567141056061, -0.7972574234008789, -0.38960883021354675, -0.4068208932876587, -0.8066601753234863, -0.48412618041038513, -0.3937816023826599, -0.8661542534828186, -0.547809362411499, -0.08304522931575775, -0.5995752215385437, -0.2463403344154358, -0.36957868933677673, -0.6285741925239563, -0.40758925676345825, -0.4048663377761841, -0.6279895901679993, -0.43226104974746704, -0.36007174849510193, -0.6725559234619141, -0.4334724545478821, 0.002417355077341199, -0.3999924063682556, -0.27812209725379944, -0.2751031816005707, -0.4374353587627411, -0.4226745665073395, -0.3069498538970947, -0.45029595494270325, -0.3664524257183075, -0.2615145444869995, -0.49904972314834595, -0.3088611364364624, 0.063704714179039, -0.1906387060880661, -0.32570648193359375, -0.16156058013439178, -0.24915282428264618, -0.42995280027389526, -0.18114890158176422, -0.2825348377227783, -0.39001038670539856, -0.13758917152881622, -0.32621780037879944, -0.3409308195114136], "std": [1.0, 1.0, 1.0, 0.1588607132434845, 0.22945813834667206, 0.08874677121639252, 0.38424941897392273, 0.3980150818824768, 0.13683779537677765, 0.5746301412582397, 0.5372572541236877, 0.1765276938676834, 0.736035168170929, 0.6708688735961914, 0.21197821199893951, 0.6744307279586792, 0.22305744886398315, 0.19523528218269348, 0.9706113934516907, 0.3693135976791382, 0.23815535008907318, 1.113913893699646, 0.44887828826904297, 0.25644436478614807, 1.2525948286056519, 0.49411913752555847, 0.27153831720352173, 0.6764695644378662, 0.2806938588619232, 0.1911284178495407, 0.8818212747573853, 0.44855400919914246, 0.22356444597244263, 0.7306017279624939, 0.5190411806106567, 0.2074696123600006, 0.6320684552192688, 0.5651016235351562, 0.2028753012418747, 0.6512766480445862, 0.39073634147644043, 0.17867915332317352, 0.8373123407363892, 0.5132466554641724, 0.2025478482246399, 0.6931461691856384, 0.5626667141914368, 0.16195838153362274, 0.6004453897476196, 0.6109166145324707, 0.14821812510490417, 0.6212209463119507, 0.4871869385242462, 0.1688176691532135, 0.7968154549598694, 0.5396339297294617, 0.19133219122886658, 0.6896083950996399, 0.5681519508361816, 0.17390038073062897, 0.6072312593460083, 0.6148577332496643, 0.1688290238380432]}