{"mean": [0.0, 0.0, 0.0, 0.24464139342308044, -0.2504490613937378, -0.1429624855518341, 0.6022374033927917, -0.39239150285720825, -0.2389678657054901, 0.8430306315422058, -0.4300905764102936, -0.3341892659664154, 0.9651828408241272, -0.42450207471847534, -0.4159787893295288, 1.0259636640548706, -1.5676280291574202e-17, -0.13481932878494263, 1.3245707750320435, -0.048078905791044235, -0.30749350786209106, 1.321779727935791, -0.09791211783885956, -0.40727320313453674, 1.3758388757705688, -0.07934586703777313, -0.46374034881591797, 0.9407408833503723, 0.22088107466697693, -0.16624373197555542, 1.2209275960922241, 0.24091225862503052, -0.3308831751346588, 1.2010148763656616, 0.22444695234298706, -0.3866020739078522, 1.270859718322754, 0.285292387008667, -0.40066099166870117, 0.7762375473976135, 0.3901337683200836, -0.22335009276866913, 0.9972676038742065, 0.36907482147216797, -0.4092005491256714, 0.8921597599983215, 0.28462645411491394, -0.404285728931427, 0.8838164806365967, 0.300930380821228, -0.3658568859100342, 0.5598933696746826, 0.5189347863197327, -0.29534491896629333, 0.686793327331543, 0.4821654260158539, -0.4287775158882141, 0.6302183866500854, 0.420046865940094, -0.41475293040275574, 0.6265391707420349, 0.44460391998291016, -0.37872788310050964], "std": [1.0, 1.0, 1.0, 0.050249308347702026, 0.1159045621752739, 0.07429484277963638, 0.1097612977027893, 0.1800752431154251, 0.140276700258255, 0.17152750492095947, 0.21299757063388824, 0.19591124355793, 0.20043691992759705, 0.3106760084629059, 0.25292423367500305, 0.043260835111141205, 1.0, 0.15808501839637756, 0.14059099555015564, 0.13608410954475403, 0.21512997150421143, 0.4097513258457184, 0.2227693349123001, 0.2483893185853958, 0.5953506827354431, 0.25589480996131897, 0.26559001207351685, 0.051637426018714905, 0.11556920409202576, 0.1501951515674591, 0.204622283577919, 0.250458300113678, 0.19525320827960968, 0.4985281229019165, 0.3615575432777405, 0.20202845335006714, 0.6633821129798889, 0.4088774621486664, 0.2155473828315735, 0.13013269007205963, 0.20981796085834503, 0.14132234454154968, 0.2573619782924652, 0.3079337179660797, 0.19840331375598907, 0.49353766441345215, 0.350357323884964, 0.19962823390960693, 0.6617081761360168, 0.39072200655937195, 0.22698688507080078, 0.21383735537528992, 0.29816120862960815, 0.13728581368923187, 0.3238179087638855, 0.3941027820110321, 0.18731757998466492, 0.4544996917247772, 0.46174585819244385, 0.19699138402938843, 0.568494439125061, 0.5287372469902039, 0.21760226786136627]}